{
    "display": {
        "icon": {
            "item": "minecraft:oak_planks"
        },
        "title": {
            "text": "Sethome",
            "color": "white",
            "bold": false,
            "italic": false
        },
        "description": {
            "text": "Adds triggers that allow you to set a home, teleport back to that home, and other teleport utilities. /trigger sh_help",
            "color": "green",
            "bold": false,
            "italic": true
        },
        "show_toast": false,
        "announce_to_chat": false,
        "frame": "goal"
    },
    "parent": "main:main/root",
    "criteria": {
        "tick": {
            "trigger": "minecraft:tick"
        }
    }
}
